{"version":"0.4","title":"_[default]","type":"page","content":[{"id":"weoyqir","elType":"section","settings":{"layout":"full_width","gap":"no"},"elements":[{"id":"xqidwml","elType":"column","settings":{"_column_size":100},"elements":[{"id":"ttqbkue","elType":"widget","settings":{"html":"{{content}}"},"elements":[],"widgetType":"html"}],"isInner":false}],"isInner":false}],"data":[{"id":"weoyqir","settings":{"layout":"full_width","gap":"no"},"elements":[{"id":"xqidwml","settings":{"_column_size":100},"elements":[{"id":"ttqbkue","settings":{"html":"{{content}}"},"elements":[],"isInner":false,"widgetType":"html","elType":"widget"}],"isInner":false,"elType":"column"}],"isInner":false,"elType":"section"}]}