{"version":"0.4","title":"_[default]_[single]","type":"page","content":[{"id":"61603945","settings":{"structure":"20"},"elements":[{"id":"5634b0e9","settings":{"_column_size":50,"_inline_size":"69.604"},"elements":[{"id":"1af407b9","settings":{"title":"{{post_title}}","size":"large","header_size":"h1"},"elements":[],"isInner":false,"widgetType":"heading","elType":"widget"},{"id":"1243e8c2","settings":{"editor":"<p>{{content}}<\/p>"},"elements":[],"isInner":false,"widgetType":"text-editor","elType":"widget"}],"isInner":false,"elType":"column"},{"id":"28f322ba","settings":{"_column_size":50,"_inline_size":"30.396"},"elements":[{"id":"4e2a9a3","settings":{"image":{"id":6,"url":"http:\/\/eletheme.1002.ro\/wp-content\/uploads\/2017\/03\/placeholder-1.png"},"link_to":"file","eleplug_dynamic_value":"yes"},"elements":[],"isInner":false,"widgetType":"image","elType":"widget"}],"isInner":false,"elType":"column"}],"isInner":false,"elType":"section"}]}