{"version":"0.4","title":"_[default]_[single]","type":"page","content":[{"id":"dqapwye","elType":"section","settings":{"structure":"20"},"elements":[{"id":"xujpzki","elType":"column","settings":{"_column_size":50,"_inline_size":64.466},"elements":[{"id":"ajpuxot","elType":"widget","settings":{"title":"{{post-title}}","title_color":"#63961a"},"elements":[],"widgetType":"heading"},{"id":"tzbrhgn","elType":"widget","settings":{"space":{"unit":"px","size":35}},"elements":[],"widgetType":"spacer"},{"id":"newvdrg","elType":"widget","settings":{"html":"{{content}}"},"elements":[],"widgetType":"html"}],"isInner":false},{"id":"quafsmd","elType":"column","settings":{"_column_size":50,"_inline_size":35.534},"elements":[{"id":"klxcoef","elType":"widget","settings":{"html":"{{thumb}}"},"elements":[],"widgetType":"html"},{"id":"fifsjdi","elType":"widget","settings":{"image":{"url":"http:\/\/confort.1002.ro\/wp-content\/uploads\/2017\/09\/duda-logo-square.png","id":17}},"elements":[],"widgetType":"image"}],"isInner":false}],"isInner":false}],"data":[{"id":"dqapwye","settings":{"structure":"20"},"elements":[{"id":"xujpzki","settings":{"_column_size":50,"_inline_size":64.466},"elements":[{"id":"ajpuxot","settings":{"title":"{{post-title}}","title_color":"#63961a"},"elements":[],"isInner":false,"widgetType":"heading","elType":"widget"},{"id":"tzbrhgn","settings":{"space":{"unit":"px","size":35}},"elements":[],"isInner":false,"widgetType":"spacer","elType":"widget"},{"id":"newvdrg","settings":{"html":"{{content}}"},"elements":[],"isInner":false,"widgetType":"html","elType":"widget"}],"isInner":false,"elType":"column"},{"id":"quafsmd","settings":{"_column_size":50,"_inline_size":35.534},"elements":[{"id":"klxcoef","settings":{"html":"{{thumb}}"},"elements":[],"isInner":false,"widgetType":"html","elType":"widget"},{"id":"fifsjdi","settings":{"image":{"url":"http:\/\/confort.1002.ro\/wp-content\/uploads\/2017\/09\/duda-logo-square.png","id":17}},"elements":[],"isInner":false,"widgetType":"image","elType":"widget"}],"isInner":false,"elType":"column"}],"isInner":false,"elType":"section"}]}