{"version":"0.4","title":"_[default]_[loop]","type":"page","content":[{"id":"a70f2dc","settings":{"structure":"20"},"elements":[{"id":"634a4c08","settings":{"_column_size":50,"_inline_size":"20.910"},"elements":[{"id":"5d76131","settings":{"image":{"id":6,"url":"http:\/\/eletheme.1002.ro\/wp-content\/uploads\/2017\/03\/placeholder-1.png"},"_element_id":"thumb","eleplug_dynamic_value":"yes"},"elements":[],"isInner":false,"widgetType":"image","elType":"widget"}],"isInner":false,"elType":"column"},{"id":"107e79cc","settings":{"_column_size":50,"_inline_size":"79.090"},"elements":[{"id":"12364917","settings":{"title":"{{post_title}}"},"elements":[],"isInner":false,"widgetType":"heading","elType":"widget"},{"id":"3eb003e0","settings":{"editor":"<p>{{post_excerpt}}<\/p>","text_color":"#000000"},"elements":[],"isInner":false,"widgetType":"text-editor","elType":"widget"},{"id":"136c93cc","settings":{"text":"Detalii","link":{"is_external":"","url":"{{guid}}"},"align":"right"},"elements":[],"isInner":false,"widgetType":"button","elType":"widget"}],"isInner":false,"elType":"column"}],"isInner":false,"elType":"section"},{"id":"6a2a695c","settings":[],"elements":[{"id":"75c57c71","settings":{"_column_size":100},"elements":[{"id":"4e24f768","settings":[],"elements":[],"isInner":false,"widgetType":"divider","elType":"widget"}],"isInner":false,"elType":"column"}],"isInner":false,"elType":"section"}]}