{"version":"0.4","title":"[body]","type":"page","content":[{"id":"75038942","settings":{"content_position":"middle","structure":"20","margin_mobile":{"unit":"px","top":"0","right":0,"bottom":"0","left":0,"isLinked":true},"padding_mobile":{"unit":"px","top":"0","right":"0","bottom":"0","left":"0","isLinked":true}},"elements":[{"id":"5283f0fc","settings":{"_column_size":50,"_inline_size":"23.564"},"elements":[{"id":"67086261","settings":{"image":{"url":"http:\/\/eletheme.1002.ro\/wp-content\/uploads\/2018\/01\/Eletemplator-logo.png","id":21},"target":".eletheme-menu-list-items"},"elements":[],"isInner":false,"widgetType":"elt-logo","elType":"widget"}],"isInner":false,"elType":"column"},{"id":"2cca8ac3","settings":{"_column_size":50,"_inline_size":"76.435","margin_mobile":{"unit":"px","top":"0","right":"0","bottom":"0","left":"0","isLinked":true},"padding_mobile":{"unit":"px","top":"0","right":"0","bottom":"0","left":"0","isLinked":true}},"elements":[{"id":"2b9b618f","settings":{"menu_list":[{"text":"Home","icon":"fa fa-home","link":{"url":"\/"},"_id":"e520591"},{"text":"About Us","icon":"fa fa-times","link":{"url":"#"},"_id":"82d825e"},{"text":"Services","icon":"fa fa-dot-circle-o","link":{"url":"#"},"_id":"3bc7e8c"},{"text":"Contact","icon":"fa fa-envelope","link":{"url":"#"},"_id":"d39c6bb"}],"icon_align":"right","view_mobile":"block","icon_align_mobile":"center"},"elements":[],"isInner":false,"widgetType":"elt-menu","elType":"widget"}],"isInner":false,"elType":"column"}],"isInner":false,"elType":"section"},{"id":"57842cb7","settings":{"layout":"full_width","gap":"no"},"elements":[{"id":"7da17855","settings":{"_column_size":100,"_inline_size":null},"elements":[{"id":"65d3c9db","settings":{"shortcode":"{{content}}"},"elements":[],"isInner":false,"widgetType":"shortcode","elType":"widget"}],"isInner":false,"elType":"column"}],"isInner":false,"elType":"section"},{"id":"68bf4a9e","settings":[],"elements":[{"id":"4bbd4870","settings":{"_column_size":100},"elements":[{"id":"1769aea8","settings":{"title":"&copy;2018 Eletemplator","header_size":"div","typography_typography":"custom","text_shadow_text_shadow_type":"yes","text_shadow_text_shadow":{"horizontal":0,"vertical":0,"blur":0,"color":""}},"elements":[],"isInner":false,"widgetType":"heading","elType":"widget"}],"isInner":false,"elType":"column"}],"isInner":false,"elType":"section"}]}