{"version":"0.4","title":"_[default]_[loop]","type":"page","content":[{"id":"d51c2d","settings":{"structure":"20"},"elements":[{"id":"d396b88","settings":{"_column_size":50,"_inline_size":"20.910"},"elements":[{"id":"461e7ba1","settings":{"image":{"id":6,"url":"http:\/\/eletheme.1002.ro\/wp-content\/uploads\/2017\/03\/placeholder-1.png"},"_element_id":"thumb","eleplug_dynamic_value":"yes"},"elements":[],"isInner":false,"widgetType":"image","elType":"widget"}],"isInner":false,"elType":"column"},{"id":"376973ca","settings":{"_column_size":50,"_inline_size":"79.090"},"elements":[{"id":"770f20f5","settings":{"title":"{{post_title}}"},"elements":[],"isInner":false,"widgetType":"heading","elType":"widget"},{"id":"68e51736","settings":{"editor":"<p>{{post_excerpt}}<\/p>","text_color":"#000000"},"elements":[],"isInner":false,"widgetType":"text-editor","elType":"widget"},{"id":"2798b687","settings":{"text":"Detalii","link":{"is_external":"","url":"{{guid}}"},"align":"right"},"elements":[],"isInner":false,"widgetType":"button","elType":"widget"}],"isInner":false,"elType":"column"}],"isInner":false,"elType":"section"},{"id":"12811f4e","settings":[],"elements":[{"id":"ff1b78b","settings":{"_column_size":100},"elements":[{"id":"785c9719","settings":[],"elements":[],"isInner":false,"widgetType":"divider","elType":"widget"}],"isInner":false,"elType":"column"}],"isInner":false,"elType":"section"}]}