{"version":"0.4","title":"_[default]_[single]","type":"page","content":[{"id":"259cb885","settings":{"structure":"20"},"elements":[{"id":"4cdffbc5","settings":{"_column_size":50,"_inline_size":"69.604"},"elements":[{"id":"102a6d48","settings":{"title":"{{post_title}}","size":"large","header_size":"h1"},"elements":[],"isInner":false,"widgetType":"heading","elType":"widget"},{"id":"4d4eef75","settings":{"editor":"<p>{{content}}<\/p>"},"elements":[],"isInner":false,"widgetType":"text-editor","elType":"widget"}],"isInner":false,"elType":"column"},{"id":"14e6870f","settings":{"_column_size":50,"_inline_size":"30.396"},"elements":[{"id":"2561b506","settings":{"image":{"id":6,"url":"http:\/\/eletheme.1002.ro\/wp-content\/uploads\/2017\/03\/placeholder-1.png"},"link_to":"file","eleplug_dynamic_value":"yes"},"elements":[],"isInner":false,"widgetType":"image","elType":"widget"}],"isInner":false,"elType":"column"}],"isInner":false,"elType":"section"}]}