{"version":"0.4","title":"_[default]_[search]","type":"page","content":[{"id":"7b99eeb","settings":[],"elements":[{"id":"113b1de6","settings":{"_column_size":100},"elements":[{"id":"3195e4cd","settings":{"title":"Search results for {{s}}:","align":"center"},"elements":[],"isInner":false,"widgetType":"heading","elType":"widget"},{"id":"4e1bd01b","settings":{"shortcode":"{{content}}"},"elements":[],"isInner":false,"widgetType":"shortcode","elType":"widget"}],"isInner":false,"elType":"column"}],"isInner":false,"elType":"section"}]}