{"version":"0.4","title":"[body]","type":"page","content":[{"id":"456b5398","settings":{"content_position":"middle","structure":"20","margin_mobile":{"unit":"px","top":"0","right":0,"bottom":"0","left":0,"isLinked":true},"padding_mobile":{"unit":"px","top":"0","right":"0","bottom":"0","left":"0","isLinked":true}},"elements":[{"id":"258b6309","settings":{"_column_size":50,"_inline_size":"23.564"},"elements":[{"id":"60f9bbb8","settings":{"image":{"url":"http:\/\/eletheme.1002.ro\/wp-content\/uploads\/2018\/01\/Eletemplator-logo.png","id":21},"target":".eletheme-menu-list-items"},"elements":[],"isInner":false,"widgetType":"elt-logo","elType":"widget"}],"isInner":false,"elType":"column"},{"id":"45349059","settings":{"_column_size":50,"_inline_size":"76.435","margin_mobile":{"unit":"px","top":"0","right":"0","bottom":"0","left":"0","isLinked":true},"padding_mobile":{"unit":"px","top":"0","right":"0","bottom":"0","left":"0","isLinked":true}},"elements":[{"id":"6275c443","settings":{"menu_list":[{"text":"Home","icon":"fa fa-home","link":{"url":"\/"},"_id":"e520591"},{"text":"About Us","icon":"fa fa-times","link":{"url":"#"},"_id":"82d825e"},{"text":"Services","icon":"fa fa-dot-circle-o","link":{"url":"#"},"_id":"3bc7e8c"},{"text":"Contact","icon":"fa fa-envelope","link":{"url":"#"},"_id":"d39c6bb"}],"icon_align":"right","view_mobile":"block","icon_align_mobile":"center"},"elements":[],"isInner":false,"widgetType":"elt-menu","elType":"widget"}],"isInner":false,"elType":"column"}],"isInner":false,"elType":"section"},{"id":"7cd5134b","settings":{"layout":"full_width","gap":"no"},"elements":[{"id":"f3578fe","settings":{"_column_size":100,"_inline_size":null},"elements":[{"id":"432103d3","settings":{"shortcode":"{{content}}"},"elements":[],"isInner":false,"widgetType":"shortcode","elType":"widget"}],"isInner":false,"elType":"column"}],"isInner":false,"elType":"section"},{"id":"47d002f","settings":[],"elements":[{"id":"4c1a8955","settings":{"_column_size":100},"elements":[{"id":"422f2869","settings":{"title":"&copy;2018 Eletemplator","header_size":"div","typography_typography":"custom","text_shadow_text_shadow_type":"yes","text_shadow_text_shadow":{"horizontal":0,"vertical":0,"blur":0,"color":""}},"elements":[],"isInner":false,"widgetType":"heading","elType":"widget"}],"isInner":false,"elType":"column"}],"isInner":false,"elType":"section"}]}