{"version":"0.4","title":"_[default]_[loop]","type":"page","content":[{"id":"tccezzo","elType":"section","settings":{"structure":"20"},"elements":[{"id":"gymppnt","elType":"column","settings":{"_column_size":50,"_inline_size":32.057},"elements":[{"id":"dfqkkyw","elType":"widget","settings":{"image":{"url":"http:\/\/confort.1002.ro\/wp-content\/uploads\/2017\/09\/duda-logo-square.png","id":17}},"elements":[],"widgetType":"image"},{"id":"mjumovv","elType":"widget","settings":{"html":"{{thumb}}"},"elements":[],"widgetType":"html"}],"isInner":false},{"id":"khqsflf","elType":"column","settings":{"_column_size":50,"_inline_size":67.943},"elements":[{"id":"rdckbyy","elType":"widget","settings":{"title":"{{title}}","title_color":"#63961a","typography_typography":"custom","typography_font_size":{"unit":"px","size":39}},"elements":[],"widgetType":"heading"},{"id":"vkuddob","elType":"widget","settings":[],"elements":[],"widgetType":"spacer"},{"id":"vhcsilp","elType":"widget","settings":{"html":"{{content}}"},"elements":[],"widgetType":"html"}],"isInner":false}],"isInner":false}],"data":[{"id":"tccezzo","settings":{"structure":"20"},"elements":[{"id":"gymppnt","settings":{"_column_size":50,"_inline_size":32.057},"elements":[{"id":"dfqkkyw","settings":{"image":{"url":"http:\/\/confort.1002.ro\/wp-content\/uploads\/2017\/09\/duda-logo-square.png","id":17}},"elements":[],"isInner":false,"widgetType":"image","elType":"widget"},{"id":"mjumovv","settings":{"html":"{{thumb}}"},"elements":[],"isInner":false,"widgetType":"html","elType":"widget"}],"isInner":false,"elType":"column"},{"id":"khqsflf","settings":{"_column_size":50,"_inline_size":67.943},"elements":[{"id":"rdckbyy","settings":{"title":"{{title}}","title_color":"#63961a","typography_typography":"custom","typography_font_size":{"unit":"px","size":39}},"elements":[],"isInner":false,"widgetType":"heading","elType":"widget"},{"id":"vkuddob","settings":[],"elements":[],"isInner":false,"widgetType":"spacer","elType":"widget"},{"id":"vhcsilp","settings":{"html":"{{content}}"},"elements":[],"isInner":false,"widgetType":"html","elType":"widget"}],"isInner":false,"elType":"column"}],"isInner":false,"elType":"section"}]}