{"version":"0.4","title":"_[default]_[archive]","type":"page","content":[{"id":"50ca33e","settings":{"height":"min-height","custom_height":{"unit":"px","size":247},"content_position":"middle","background_background":"gradient","background_color":"#302a8c"},"elements":[{"id":"5d54a50f","settings":{"_column_size":100,"_inline_size":null},"elements":[{"id":"534b4853","settings":{"title":"Archive page","align":"center","title_color":"#ffffff","typography_typography":"custom","typography_font_size":{"unit":"px","size":50}},"elements":[],"isInner":false,"widgetType":"heading","elType":"widget"}],"isInner":false,"elType":"column"}],"isInner":false,"elType":"section"},{"id":"2ca559c5","settings":[],"elements":[{"id":"4639bc46","settings":{"_column_size":100},"elements":[{"id":"4a5a6948","settings":{"shortcode":"{{content}}"},"elements":[],"isInner":false,"widgetType":"shortcode","elType":"widget"}],"isInner":false,"elType":"column"}],"isInner":false,"elType":"section"}]}