{"version":"0.4","title":"_[default]_[archive]","type":"page","content":[{"id":"63b6d219","settings":{"height":"min-height","custom_height":{"unit":"px","size":247},"content_position":"middle","background_background":"gradient","background_color":"#302a8c"},"elements":[{"id":"508ed22e","settings":{"_column_size":100,"_inline_size":null},"elements":[{"id":"1f234d94","settings":{"title":"Archive page","align":"center","title_color":"#ffffff","typography_typography":"custom","typography_font_size":{"unit":"px","size":50}},"elements":[],"isInner":false,"widgetType":"heading","elType":"widget"}],"isInner":false,"elType":"column"}],"isInner":false,"elType":"section"},{"id":"75fabadb","settings":[],"elements":[{"id":"6b82d9e7","settings":{"_column_size":100},"elements":[{"id":"72cde865","settings":{"shortcode":"{{content}}"},"elements":[],"isInner":false,"widgetType":"shortcode","elType":"widget"}],"isInner":false,"elType":"column"}],"isInner":false,"elType":"section"}]}