{"version":"0.4","title":"_[default]_[archive]","type":"page","content":[{"id":"pkvhdrg","elType":"section","settings":{"structure":"20"},"elements":[{"id":"vurcbie","elType":"column","settings":{"_column_size":50,"_inline_size":27.961},"elements":[{"id":"yzslgxz","elType":"widget","settings":{"image":{"url":"http:\/\/confort.1002.ro\/wp-content\/uploads\/2017\/09\/duda-logo-square.png","id":17}},"elements":[],"widgetType":"image"}],"isInner":false},{"id":"ywlrmxu","elType":"column","settings":{"_column_size":50,"_inline_size":72.039},"elements":[{"id":"fhwmfth","elType":"widget","settings":{"html":"{{content}}"},"elements":[],"widgetType":"html"}],"isInner":false}],"isInner":false}],"data":[{"id":"pkvhdrg","settings":{"structure":"20"},"elements":[{"id":"vurcbie","settings":{"_column_size":50,"_inline_size":27.961},"elements":[{"id":"yzslgxz","settings":{"image":{"url":"http:\/\/confort.1002.ro\/wp-content\/uploads\/2017\/09\/duda-logo-square.png","id":17}},"elements":[],"isInner":false,"widgetType":"image","elType":"widget"}],"isInner":false,"elType":"column"},{"id":"ywlrmxu","settings":{"_column_size":50,"_inline_size":72.039},"elements":[{"id":"fhwmfth","settings":{"html":"{{content}}"},"elements":[],"isInner":false,"widgetType":"html","elType":"widget"}],"isInner":false,"elType":"column"}],"isInner":false,"elType":"section"}]}