{"version":"0.4","title":"[body]","type":"page","content":[{"id":"hivnzoe","elType":"section","settings":{"structure":"20"},"elements":[{"id":"tduzjeg","elType":"column","settings":{"_column_size":50,"_inline_size":22.809},"elements":[{"id":"fqrrcrm","elType":"widget","settings":{"image":{"url":"http:\/\/confort.1002.ro\/wp-content\/uploads\/2017\/09\/duda-logo.png","id":14},"image_size":"custom","image_custom_dimension":{"width":"","height":"60"},"align":"left"},"elements":[],"widgetType":"image"}],"isInner":false},{"id":"gtodnqr","elType":"column","settings":{"_column_size":50,"_inline_size":77.191},"elements":[{"id":"zhytbej","elType":"widget","settings":[],"elements":[],"widgetType":"nav-menu"}],"isInner":false}],"isInner":false},{"id":"tsqxmyn","elType":"section","settings":{"layout":"full_width","gap":"no"},"elements":[{"id":"ldfcrtb","elType":"column","settings":{"_column_size":100},"elements":[{"id":"xhtfgoe","elType":"widget","settings":{"html":"{{content}}"},"elements":[],"widgetType":"html"}],"isInner":false}],"isInner":false},{"id":"ortrmqh","elType":"section","settings":{"background_background":"classic","background_color":"#63961a"},"elements":[{"id":"pbytveo","elType":"column","settings":{"_column_size":100},"elements":[{"id":"xxbreet","elType":"widget","settings":{"title":"&copy;2017. Toate drepturile rezervate.","size":"small","header_size":"span","title_color":"#ffffff","typography_typography":"custom"},"elements":[],"widgetType":"heading"}],"isInner":false}],"isInner":false}],"data":[{"id":"hivnzoe","settings":{"structure":"20"},"elements":[{"id":"tduzjeg","settings":{"_column_size":50,"_inline_size":22.809},"elements":[{"id":"fqrrcrm","settings":{"image":{"url":"http:\/\/confort.1002.ro\/wp-content\/uploads\/2017\/09\/duda-logo.png","id":14},"image_size":"custom","image_custom_dimension":{"width":"","height":"60"},"align":"left"},"elements":[],"isInner":false,"widgetType":"image","elType":"widget"}],"isInner":false,"elType":"column"},{"id":"gtodnqr","settings":{"_column_size":50,"_inline_size":77.191},"elements":[{"id":"zhytbej","settings":[],"elements":[],"isInner":false,"widgetType":"nav-menu","elType":"widget"}],"isInner":false,"elType":"column"}],"isInner":false,"elType":"section"},{"id":"tsqxmyn","settings":{"layout":"full_width","gap":"no"},"elements":[{"id":"ldfcrtb","settings":{"_column_size":100},"elements":[{"id":"xhtfgoe","settings":{"html":"{{content}}"},"elements":[],"isInner":false,"widgetType":"html","elType":"widget"}],"isInner":false,"elType":"column"}],"isInner":false,"elType":"section"},{"id":"ortrmqh","settings":{"background_background":"classic","background_color":"#63961a"},"elements":[{"id":"pbytveo","settings":{"_column_size":100},"elements":[{"id":"xxbreet","settings":{"title":"&copy;2017. Toate drepturile rezervate.","size":"small","header_size":"span","title_color":"#ffffff","typography_typography":"custom"},"elements":[],"isInner":false,"widgetType":"heading","elType":"widget"}],"isInner":false,"elType":"column"}],"isInner":false,"elType":"section"}]}